<?xml version="1.0" encoding="UTF-8"?>
<beans xmlns="http://www.springframework.org/schema/beans" xmlns:xsi="http://www.w3.org/2001/XMLSchema-instance"
	xsi:schemaLocation="http://www.springframework.org/schema/beans http://www.springframework.org/schema/beans/spring-beans-3.0.xsd">

	<bean parent="placeholderProperties" />

	<bean name="/steps/step1" class="org.springframework.remoting.httpinvoker.HttpInvokerServiceExporter">
		<property name="serviceInterface" value="org.springframework.batch.core.Step" />
		<property name="service" ref="step1" />
	</bean>

	<bean id="step1" class="org.springframework.batch.admin.sample.StepLocatorStepFactoryBean">
		<property name="stepLocator">
			<bean class="org.springframework.batch.admin.service.JobLocatorStepLocator">
				<property name="jobLocator" ref="jobRegistry"/>
			</bean>
		</property>
		<property name="stepName" value="job1/step1"/>
	</bean>

</beans>
