<?xml version="1.0" encoding="UTF-8"?>
<beans xmlns="http://www.springframework.org/schema/beans"
	xmlns:xsi="http://www.w3.org/2001/XMLSchema-instance"
	xsi:schemaLocation="
		http://www.springframework.org/schema/batch http://www.springframework.org/schema/batch/spring-batch.xsd
		http://www.springframework.org/schema/beans http://www.springframework.org/schema/beans/spring-beans.xsd">

	<job id="infinite" xmlns="http://www.springframework.org/schema/batch">
		<step id="step1" next="step1">
			<tasklet start-limit="100">
				<chunk commit-interval="1" reader="itemReader" writer="itemWriter" />
			</tasklet>
		</step>
	</job>

	<bean id="itemWriter" class="org.springframework.batch.admin.sample.ExampleItemWriter"/>
	<bean id="itemReader" class="org.springframework.batch.admin.sample.ExampleItemReader" scope="step"/>
</beans>
